Cell,AreaShape_Area,AreaShape_Compactness,AreaShape_Eccentricity,AreaShape_Extent,AreaShape_FormFactor,AreaShape_MajorAxisLength,AreaShape_MaxFeretDiameter,AreaShape_MaximumRadius,AreaShape_MeanRadius,AreaShape_MedianRadius,AreaShape_MinFeretDiameter,AreaShape_MinorAxisLength,AreaShape_Perimeter
1,0.284896206,0.603193247,0.560920522,0.597784593,0.53066845,0.394273169,0.398374013,0.521246691,0.489198218,0.5,0.556917274,0.560689597,0.525688978
2,0.254831782,0.53500544,0.838768941,0.876577408,0.825392248,0.395646449,0.376985944,0.495260556,0.530334104,0.530330086,0.387579533,0.393581315,0.398651842
3,0.238367931,0.461787737,0.458557465,0.955980861,1,0.307239401,0.291645438,0.605010525,0.584874293,0.559016994,0.425151109,0.465895379,0.350284634
4,0.228346457,0.543603521,0.823845422,0.67382503,0.628402287,0.374405157,0.352796046,0.479779824,0.494523934,0.5,0.392447177,0.384650389,0.432489365
5,0.446671439,0.530292035,0.827888659,0.797783933,0.687481002,0.517771884,0.498571426,0.626460558,0.663316224,0.67224211,0.546235597,0.527452352,0.578310282
6,0.448818898,0.465749199,0.553058865,0.942857142,0.95983379,0.433668025,0.414819968,0.798583652,0.764838901,0.75,0.588670766,0.620248291,0.490608109
7,0.549749463,0.480796865,0.604456855,0.904105557,0.831294166,0.49551765,0.495522031,0.819571908,0.802833405,0.790569415,0.647504807,0.680790049,0.583448077
8,0.274874732,0.466875545,0.492009747,0.923909774,0.895890371,0.334377598,0.329807794,0.60812114,0.60690522,0.559016994,0.460707747,0.49765036,0.397408496
9,0.546886185,0.488678459,0.740181587,0.893567251,0.895203951,0.525809938,0.503376616,0.80094284,0.809278451,0.790569415,0.598856068,0.622803633,0.560769847
10,0.289906943,0.511079322,0.796891728,0.818526315,0.872600483,0.402984814,0.385174618,0.566352114,0.592391086,0.559016994,0.408799143,0.436170847,0.413541174
11,0.545454545,0.730584622,0.965299845,0.785735767,0.609103659,0.735636704,0.667676363,0.605010525,0.639635732,0.707106781,0.444451491,0.455507957,0.678939148
12,0.397995705,0.506011177,0.711350182,0.743191311,0.767482608,0.450808532,0.457151136,0.694995588,0.65688464,0.637377439,0.523896862,0.55471266,0.516656734
13,0.392984968,0.665305675,0.918544133,0.687969924,0.653153653,0.575812196,0.534141091,0.566352114,0.573847575,0.559016994,0.453902128,0.452410641,0.556515752
14,0.174659986,0.4719652,0.291575827,0.853768771,0.826916673,0.257882912,0.253365366,0.491436093,0.488713662,0.5,0.390046866,0.418380434,0.329733451
15,0.269863994,0.511669408,0.787390929,0.952421052,0.816527664,0.387170078,0.390005304,0.556267887,0.562891835,0.530330086,0.416830819,0.426142808,0.412462237
16,0.346456693,0.683521066,0.947736598,0.808688387,0.528382917,0.559826785,0.563544165,0.491436093,0.53338007,0.530330086,0.390965258,0.384872116,0.580961384
17,0.409448819,0.55198004,0.84403339,0.885448916,0.729866405,0.510513126,0.447890921,0.614295117,0.640147436,0.637377439,0.470614817,0.501775621,0.537372326
18,0.690765927,0.537510979,0.792964429,0.822501598,0.762597698,0.635721592,0.642081138,0.85561409,0.820105111,0.883883477,0.703134526,0.692925865,0.682833597
19,0.297780959,0.542556218,0.78819839,0.750676691,0.60581042,0.418846133,0.384479566,0.479779824,0.51904881,0.530330086,0.474618879,0.460364127,0.503010748
20,0.365783822,0.507795388,0.598362303,0.860631578,0.684570049,0.414772669,0.411366672,0.579524854,0.588318431,0.559016994,0.555004121,0.572785696,0.524445632
21,0.687902649,0.498915487,0.706830508,0.798089899,0.7203933,0.586903615,0.593143179,0.885949016,0.838479931,0.883883477,0.711928319,0.726223408,0.701093323
22,0.471725125,0.611939639,0.895266001,0.69951349,0.693796306,0.595443284,0.585731434,0.641342931,0.645353437,0.637377439,0.523262903,0.508549156,0.591596621
23,0.393700787,0.552046377,0.793896326,0.857699805,0.682295804,0.486983623,0.492453753,0.614295117,0.61093634,0.637377439,0.541691649,0.529926004,0.544996815
24,0.702219041,0.732298425,0.952270042,0.689186815,0.551820423,0.82703801,0.802323658,0.68680282,0.708687401,0.707106781,0.544296118,0.554646699,0.809346678
25,0.430923407,0.582596783,0.87500058,0.731174089,0.720779441,0.54818663,0.526914687,0.605010525,0.624649663,0.637377439,0.47533339,0.497824603,0.554748351
26,0.602720115,0.482785781,0.493650301,0.820662768,0.804460928,0.503003624,0.508487169,0.824163383,0.807320369,0.790569415,0.72851483,0.747888557,0.621015639
27,0.282032928,0.704604311,0.955695728,0.791230859,0.638155292,0.516083794,0.482393285,0.412081692,0.482079775,0.5,0.333580101,0.33936362,0.476962124
28,0.347888332,0.459439587,0.42676473,0.983805668,0.974855348,0.367286258,0.343318121,0.716385055,0.699811715,0.707106781,0.531878949,0.565929509,0.428594916
29,0.411596278,0.616842618,0.923266941,0.955678669,0.714251614,0.569335136,0.541106279,0.552865605,0.62202854,0.637377439,0.41625309,0.438872739,0.544637169
30,0.642090193,0.559143465,0.68112266,0.767650834,0.616968566,0.593866585,0.569367845,0.73715414,0.710935842,0.728868987,0.731848332,0.757235595,0.731920097
31,0.353614889,0.636785823,0.929065139,0.821052631,0.581411431,0.538492729,0.528266619,0.50656073,0.561211088,0.559016994,0.389757432,0.405013476,0.559526501
32,0.478167502,0.553725457,0.858894565,0.737578211,0.70451914,0.557346951,0.576680698,0.661616088,0.678072728,0.707106781,0.52743645,0.528410201,0.591072566
33,0.468146027,0.654385087,0.930657506,0.717105262,0.576187409,0.62854792,0.629884621,0.605010525,0.610668751,0.637377439,0.465147843,0.469448736,0.646704618
34,0.133142448,0.524090532,0.760962169,0.686980609,0.67155831,0.27207472,0.263372726,0.347497794,0.384687212,0.395284707,0.291377163,0.312604278,0.31945786
35,0.33285612,0.502174026,0.762944459,0.902255638,0.810491038,0.420661198,0.401495066,0.617358952,0.626320732,0.637377439,0.462503434,0.481854186,0.459781335
36,0.476735863,0.696780888,0.936770831,0.674629637,0.61819438,0.657363466,0.648299652,0.605010525,0.595537693,0.637377439,0.509862766,0.477442825,0.630047884
37,0.585540444,0.568973937,0.82175595,0.73594242,0.593532715,0.611665939,0.63327264,0.700404196,0.700022459,0.707106781,0.68390246,0.631115858,0.712612261
38,0.435934145,0.655391811,0.937553903,0.594025604,0.574619235,0.610115743,0.617302817,0.60812114,0.597014162,0.559016994,0.465385103,0.441486736,0.624910089
39,0.410880458,0.575882881,0.890419076,0.647368421,0.599259768,0.537531781,0.538297893,0.579524854,0.629661482,0.637377439,0.441503074,0.466265418,0.594083314
40,0.244810308,0.529600199,0.75012053,0.647676161,0.639681141,0.368397496,0.377694787,0.495260556,0.500848714,0.5,0.453394926,0.430193715,0.443843893
41,0.219040802,0.561902858,0.871003531,0.743319837,0.552775049,0.383344598,0.403709617,0.447213595,0.480945548,0.5,0.349195637,0.352016433,0.451632791
42,0.674302076,0.470559469,0.532135816,0.94586227,0.908309748,0.530708767,0.52147191,0.961523947,0.905974878,0.883883477,0.734274274,0.770145014,0.618169301
43,0.394416607,0.599699283,0.900568133,0.69047619,0.695681362,0.541054584,0.508487169,0.579524854,0.604589242,0.637377439,0.450888116,0.454017744,0.540218665
44,0.353614889,0.503188033,0.720244009,0.827586207,0.772324001,0.425481366,0.397028909,0.626460558,0.622255241,0.637377439,0.519613506,0.517669339,0.485470314
45,0.438797423,0.473659626,0.61353963,0.910959752,0.800505807,0.440932386,0.441474963,0.747322264,0.727537261,0.707106781,0.555004121,0.601062918,0.53118642
46,0.345025054,0.768364913,0.968224528,0.563742689,0.553862585,0.601696018,0.625908754,0.521246691,0.516930429,0.5,0.364029766,0.365202572,0.566267289
47,0.515390122,0.499765828,0.78046053,0.902255638,0.790828574,0.526366337,0.496959371,0.73715414,0.764788268,0.75,0.556454959,0.586209523,0.579193983
48,0.490336435,0.621194651,0.876833977,0.574925686,0.581925264,0.604354694,0.610184603,0.653004666,0.637965649,0.637377439,0.566839228,0.545987115,0.658583201
49,0.438081603,0.592056777,0.851194379,0.753462603,0.611284216,0.549099792,0.515798897,0.605010525,0.616035304,0.637377439,0.522358668,0.530620775,0.607369654
50,0.345740873,0.491909493,0.737074515,0.902522578,0.839949059,0.419165473,0.415893243,0.626460558,0.640535458,0.637377439,0.489114023,0.498638998,0.460305391
51,0.616320687,0.519792749,0.606892606,0.716927454,0.659017345,0.545828327,0.580379383,0.798583652,0.758647663,0.728868987,0.715085921,0.748353693,0.69382848
52,0.652827487,0.915470832,0.998128722,0.492307692,0.556684544,0.925218157,0.865510495,0.566352114,0.630393559,0.637377439,0.406430749,0.426247859,0.776947738
53,0.478883321,0.507491432,0.795727462,0.855316428,0.876549304,0.515362447,0.502844973,0.719014,0.743272722,0.75,0.545368045,0.558973886,0.530302719
54,0.42519685,0.554811209,0.838345496,0.779954042,0.753436453,0.519814414,0.495522031,0.614295117,0.641006664,0.637377439,0.555056202,0.517593653,0.538975318
55,0.29706514,0.512408939,0.78782825,0.860772621,0.746753405,0.406521724,0.397028909,0.566352114,0.586760683,0.559016994,0.44308556,0.447104448,0.452516492
56,0.368647101,0.529542594,0.75965627,0.765325077,0.73130933,0.453757798,0.443891814,0.632455532,0.622264063,0.637377439,0.52743645,0.522391981,0.509391891
57,0.72226199,0.554410425,0.869103821,0.845176601,0.707988518,0.689354236,0.68312135,0.835531691,0.838906891,0.883883477,0.634389593,0.636304411,0.724655254
58,0.293486042,0.491971738,0.540176042,0.739849624,0.722939419,0.359295903,0.366675312,0.605010525,0.573552331,0.559016994,0.506910937,0.518554941,0.457130233
59,0.396564066,0.78854269,0.97918156,0.875831631,0.622913491,0.65914334,0.616580233,0.491436093,0.548986851,0.530330086,0.353563197,0.368019159,0.572453195
60,0.674302076,0.715299127,0.959310521,0.576499388,0.595482845,0.805373688,0.832857686,0.700404196,0.709470321,0.717987884,0.526309527,0.518214,0.763466162
61,0.484609878,0.700312544,0.94447677,0.644915455,0.629122828,0.668231458,0.588161865,0.52843664,0.612012989,0.637377439,0.457901758,0.467291469,0.629688239
62,0.279885469,0.545164194,0.813375945,0.838530962,0.746776089,0.412545424,0.404151071,0.524853978,0.544668203,0.530330086,0.41625309,0.432876875,0.439230153
63,0.488188976,0.502317546,0.734158552,0.817337462,0.795589955,0.502353612,0.478682512,0.716385055,0.728880409,0.728868987,0.588670766,0.600000161,0.562013194
64,0.538296349,0.527364698,0.793561254,0.698452011,0.734721613,0.556238461,0.537634965,0.68680282,0.721517629,0.728868987,0.615721789,0.605648661,0.614110442
65,0.330708661,0.48035201,0.559868196,0.83368421,0.820372717,0.379011592,0.370304652,0.653004666,0.628810135,0.637377439,0.540494117,0.53940356,0.455527241
66,0.334287759,0.757958415,0.965674612,0.581750233,0.586919901,0.587085031,0.579764574,0.442974508,0.505940221,0.5,0.330309633,0.362612257,0.541462011
67,0.341445956,0.594631609,0.834046269,0.742027483,0.657100124,0.481166284,0.448686465,0.495260556,0.545389891,0.530330086,0.504394196,0.483701839,0.517180789
68,0.246241947,0.493079929,0.729784076,0.965614034,0.927919182,0.353231376,0.342277761,0.552865605,0.569287426,0.530330086,0.393127919,0.424399081,0.36959247
69,0.440229062,0.500981489,0.785730729,0.965021248,0.953126098,0.488487056,0.461035243,0.68680282,0.730835941,0.728868987,0.508753777,0.539195216,0.487597361
70,0.511095204,0.607562401,0.919001377,0.891200333,0.762628896,0.627578343,0.606226607,0.626460558,0.691037621,0.707106781,0.46952186,0.492190955,0.587342527
71,0.85110952,0.49578532,0.677185939,0.794653299,0.756870524,0.64268449,0.620759509,0.990521113,0.940845454,0.901387819,0.798383969,0.823053782,0.76081506
72,0.657122405,0.47317611,0.573049415,0.831835686,0.876057616,0.531843989,0.535641256,0.9376808,0.8907265,0.883883477,0.723185675,0.749466062,0.621375285
73,0.227630637,0.48541197,0.738912961,0.91291866,0.907548456,0.338441058,0.326001146,0.524853978,0.549411806,0.530330086,0.382649973,0.401582947,0.359316879
74,0.299928418,0.57295874,0.84456238,0.735087718,0.749824889,0.445499541,0.424381735,0.566352114,0.552827083,0.530330086,0.455424651,0.437336851,0.453759839
75,0.471009306,0.539194322,0.783069955,0.84125293,0.719636466,0.523368397,0.508487169,0.675724628,0.675138209,0.707106781,0.578129292,0.580319424,0.580437329
76,0.433786686,0.989760079,1,0.738161702,0.438417014,0.785704869,0.808302143,0.491436093,0.520688023,0.530330086,0.347309728,0.353405842,0.713660371
77,0.440944882,0.55489832,0.863519709,0.762848297,0.659938702,0.537355014,0.529109822,0.614295117,0.660582617,0.67224211,0.482422479,0.503425405,0.586458826
78,0.281317108,0.576162137,0.883891892,0.727890106,0.723502255,0.44328246,0.419096576,0.479779824,0.534123718,0.530330086,0.365377713,0.392291305,0.447378697
79,0.385110952,0.487988299,0.748110361,0.923340961,0.859203893,0.442802162,0.42164172,0.675724628,0.691838342,0.707106781,0.504584675,0.518593377,0.480332518
80,0.475304223,0.744158154,0.970921791,0.747537293,0.595071663,0.696249524,0.67246645,0.549442256,0.595497309,0.637377439,0.403824814,0.414549397,0.641207176
81,0.432355047,0.568336853,0.877843303,0.829290617,0.728751786,0.54332725,0.525050096,0.614295117,0.643861855,0.637377439,0.487664242,0.489437332,0.552621303
82,0.386542591,0.489422613,0.531436574,0.819838057,0.798708293,0.410034735,0.424381735,0.68680282,0.664480022,0.637377439,0.5723188,0.595306246,0.499116299
83,0.403006442,0.468229551,0.515974457,0.819306331,0.863704513,0.407751236,0.404151071,0.739709275,0.712478179,0.707106781,0.555966834,0.59799969,0.490084054
84,0.441660702,0.798629575,0.975711765,0.674777853,0.481569269,0.697974787,0.728960724,0.549442256,0.574066266,0.559016994,0.409433492,0.400800679,0.687087692
85,0.355762348,0.497825375,0.764106192,0.909839816,0.874337803,0.433207159,0.40547255,0.60812114,0.648924405,0.637377439,0.472366024,0.495333566,0.457654288
86,0.559770938,0.734174357,0.940693747,0.677496209,0.548708643,0.733113972,0.70974971,0.614295117,0.619944956,0.637377439,0.581330957,0.522496279,0.724655254
87,0.456692913,0.715304482,0.963556386,0.865622703,0.633561207,0.665288292,0.641108393,0.552865605,0.604561034,0.637377439,0.411114944,0.41671787,0.609137056
88,0.488904796,0.469280262,0.413017157,0.927674023,0.927452917,0.438488201,0.424381735,0.80094284,0.767983424,0.75,0.652129842,0.679988612,0.520910828
89,0.560486757,0.856548018,0.987323064,0.551311388,0.55480974,0.821843148,0.750772308,0.52843664,0.601302498,0.637377439,0.433385407,0.426421887,0.72112045
90,0.564065855,0.514911511,0.814004917,0.867045663,0.792620262,0.568781921,0.56591234,0.781870037,0.779620924,0.75,0.599479827,0.596076006,0.605242607
91,0.442376521,0.488980001,0.717846258,0.956656346,0.834671254,0.46847954,0.450471302,0.68680282,0.717863444,0.707106781,0.531878949,0.571744003,0.522318584
92,0.486041518,0.615488798,0.915123591,0.704174228,0.659596818,0.614347307,0.597933913,0.661616088,0.655699882,0.637377439,0.511605515,0.489155738,0.615877844
93,0.824624195,0.484358979,0.729664172,0.933990946,0.938865284,0.639397121,0.619609421,1,1,1,0.735838457,0.768344043,0.672393596
94,0.286327845,0.518046002,0.813996836,0.883327198,0.881384556,0.406915551,0.392739019,0.549442256,0.58107005,0.559016994,0.410481193,0.426448952,0.408927434
95,0.486041518,0.611935061,0.913714808,0.658743633,0.620809359,0.611977749,0.592692062,0.653004666,0.654618698,0.637377439,0.49985948,0.4898913,0.634826034
96,0.216893343,0.462986503,0.357496553,0.959240205,0.939157253,0.287477255,0.278829835,0.556267887,0.550201239,0.530330086,0.41625309,0.456215489,0.344787193
97,0.365783822,0.489355266,0.734620647,0.890308529,0.944464519,0.429502573,0.407665495,0.68680282,0.67858328,0.707106781,0.490558972,0.512664308,0.446494996
98,0.633500358,0.844177545,0.977892778,0.532330826,0.50375008,0.860588956,0.819910924,0.566352114,0.624249911,0.637377439,0.521860101,0.485626672,0.804568528
99,0.27845383,0.556078755,0.816463891,0.726876362,0.618042178,0.416278448,0.453627006,0.552865605,0.523575742,0.530330086,0.448963805,0.434134684,0.481575865
100,0.64781675,0.495707157,0.637189585,0.858226647,0.682549377,0.552344473,0.579764574,0.835531691,0.804904586,0.790569415,0.708549035,0.736850135,0.698966276
101,0.586256263,0.660631018,0.934881052,0.718421052,0.673492372,0.708700618,0.675244976,0.626460558,0.696795,0.707106781,0.507216922,0.519291261,0.669382848
102,0.35146743,0.506186108,0.748276367,0.880980861,0.72728064,0.430908595,0.42752147,0.626460558,0.621501914,0.637377439,0.469853067,0.504542707,0.498756653
103,0.220472441,0.458200706,0.107678917,0.972631579,0.922163592,0.28039906,0.275290017,0.579524854,0.56160635,0.54467354,0.424017538,0.471457791,0.350808689
104,0.5182534,0.636147927,0.929605895,0.659831396,0.6134095,0.651496064,0.637062624,0.605010525,0.653790882,0.637377439,0.466754861,0.488848697,0.659466902
105,0.238367931,0.536589515,0.801831999,0.741854636,0.729310951,0.375508184,0.382386828,0.495260556,0.511633537,0.530330086,0.404433759,0.402776798,0.41017078
106,0.323550465,0.463712326,0.487278577,0.878380566,0.897722973,0.360994594,0.344614155,0.661616088,0.645437274,0.637377439,0.506910937,0.538754212,0.430721963
107,0.519685039,0.732680714,0.959728551,0.6033241,0.617429988,0.715984629,0.654867651,0.605010525,0.629018467,0.637377439,0.464024755,0.459510261,0.658223556
108,0.174659986,0.489184381,0.676113223,0.815371763,0.897812182,0.289890622,0.28764378,0.467833223,0.484025451,0.5,0.342252541,0.371684435,0.316447112
109,0.701503221,1,0.995495979,0.410578685,0.394033147,1,0.998751003,0.617358952,0.605047905,0.637377439,0.512209974,0.475586349,0.957294642
110,0.283464567,0.48523431,0.656392665,0.812030075,0.792995173,0.364599109,0.362763997,0.566352114,0.580809536,0.559016994,0.468020569,0.477290745,0.428954561
111,0.599856836,0.691096204,0.959678354,0.832174776,0.698715374,0.746984721,0.722696054,0.641342931,0.701085188,0.707106781,0.471128949,0.479554619,0.664769107
112,0.319971367,0.499492053,0.751661608,0.868663968,0.887792408,0.409152144,0.408757555,0.641342931,0.62568096,0.637377439,0.45785504,0.476706783,0.430721963
113,0.202576951,0.487114993,0.719100141,0.810597923,0.785050013,0.317081498,0.293169993,0.467833223,0.507828651,0.5,0.359743246,0.386352041,0.364454674
114,0.488188976,0.600668887,0.867650254,0.64626683,0.636612521,0.58961445,0.583290875,0.605010525,0.640751539,0.637377439,0.555084949,0.546377094,0.628280483
115,0.477451682,0.468065835,0.606353035,0.93614035,0.947152084,0.45604203,0.434759349,0.798583652,0.784242223,0.75,0.588670766,0.625541936,0.509391891
116,0.757337151,0.53639493,0.628091644,0.64623842,0.608095891,0.61901881,0.617880275,0.894427191,0.820800958,0.75,0.810655803,0.832858485,0.800674079
117,0.312813171,0.501296998,0.626176598,0.766666666,0.754688423,0.384890677,0.395453837,0.60812114,0.59015336,0.559016994,0.504056311,0.518762472,0.461908383
118,0.501789549,0.606572398,0.904372377,0.725203672,0.683725997,0.615118802,0.598530059,0.626460558,0.668584756,0.707106781,0.503146427,0.509440677,0.614634497
119,0.360057266,0.568694588,0.877980856,0.740522635,0.651228046,0.49616146,0.462965076,0.566352114,0.586414129,0.559016994,0.442306367,0.446773017,0.533477877
120,0.505368647,0.547354965,0.780921851,0.805591214,0.6760895,0.545546962,0.548958292,0.739709275,0.712262591,0.707106781,0.601254464,0.607102145,0.620296348
121,0.534717251,0.503492967,0.666900368,0.775969529,0.717395096,0.511571533,0.528266619,0.769709575,0.740095569,0.728868987,0.648796108,0.662435896,0.619412647
122,0.283464567,0.536373887,0.831488802,0.744360902,0.731913796,0.415988207,0.376038742,0.521246691,0.546671393,0.559016994,0.415327682,0.420514141,0.446494996
123,0.360057266,0.593868909,0.896167401,0.68319185,0.666181893,0.513003935,0.500534664,0.549442256,0.581335553,0.559016994,0.435469029,0.436850583,0.52745638
124,0.62992126,0.677091772,0.940098149,0.687432868,0.653376261,0.74649112,0.705086472,0.739709275,0.713815402,0.728868987,0.537483185,0.53358586,0.704463717
125,0.291338583,0.500021164,0.781700016,0.966363276,0.856991458,0.396480503,0.371026259,0.579524854,0.597450189,0.559016994,0.41625309,0.440640612,0.418319324
126,0.420901933,0.550924486,0.844664943,0.772075719,0.662354996,0.517279739,0.537469105,0.617358952,0.629857506,0.637377439,0.53048367,0.507680623,0.57192914
127,0.564065855,0.528841654,0.825790793,0.896728307,0.845243674,0.580174883,0.545046426,0.700404196,0.76485545,0.790569415,0.559174593,0.593639654,0.58609918
128,0.634931997,0.69835515,0.955203372,0.579028968,0.590759551,0.769816615,0.775194973,0.68680282,0.697447172,0.707106781,0.51951526,0.507672229,0.743798681
129,0.348604152,0.583499812,0.894248177,0.716967243,0.741752429,0.499757508,0.466418656,0.549442256,0.588963728,0.637377439,0.405130305,0.428239765,0.491851456
130,0.38940587,0.500762536,0.758511235,0.867623604,0.846154693,0.453259528,0.447691814,0.675724628,0.671662248,0.637377439,0.531878949,0.522726279,0.48671366
131,0.466714388,0.475506475,0.639038195,0.924331029,0.887807827,0.459730344,0.43146567,0.77702869,0.759475011,0.75,0.584016174,0.612218633,0.520191537
132,0.460272011,0.556545294,0.870430527,0.922966507,0.792994115,0.55213563,0.529109822,0.641342931,0.67809109,0.707106781,0.485628605,0.507809319,0.546599807
133,0.309949893,0.48829939,0.72649053,0.887901572,0.806077197,0.393615737,0.369340315,0.566352114,0.609323791,0.637377439,0.485628605,0.475001679,0.444892004
134,0.489620616,0.588230126,0.896694586,0.857142857,0.657655374,0.595329746,0.550094013,0.614295117,0.667438583,0.707106781,0.487615171,0.506077347,0.619053002
135,0.72154617,0.773652903,0.976682198,0.964593301,0.638131816,0.878345663,0.788310641,0.626460558,0.720418132,0.728868987,0.46468487,0.500512985,0.762911281
136,0.40730136,0.602363477,0.918360842,0.859733065,0.793042879,0.557767158,0.526067965,0.579524854,0.632195382,0.637377439,0.420835185,0.438550052,0.51417004
137,0.538296349,0.526220958,0.766676262,0.714206569,0.754614498,0.548144144,0.533138635,0.716385055,0.717522167,0.728868987,0.582754327,0.624244478,0.605961898
138,0.42591267,0.593500012,0.908553309,0.916559691,0.753239378,0.562305046,0.542258446,0.605010525,0.647933608,0.637377439,0.439378262,0.458816533,0.539499373
139,1,0.612983304,0.66475997,0.524563489,0.514747618,0.770521059,0.879509979,0.990521113,0.861090446,0.790569415,1,1,1
140,0.794559771,0.894142877,0.983358304,0.454196716,0.465028657,0.996128016,1,0.716385055,0.693162229,0.707106781,0.539614869,0.536398474,0.937822397
141,0.2591267,0.555671479,0.847307235,0.737521222,0.64031609,0.408587065,0.408539377,0.491436093,0.513470445,0.530330086,0.425011898,0.39852606,0.456410941
142,0.162491052,0.475457309,0.4310652,0.838411819,0.821438491,0.256017277,0.253365366,0.467833223,0.472131067,0.5,0.37841235,0.393667068,0.319098214
143,0.670007158,0.521212269,0.572672623,0.640821566,0.647843405,0.563480508,0.588919318,0.798583652,0.771243746,0.75,0.781670955,0.794276904,0.72962864
144,0.289191124,0.571315925,0.892435226,0.765091138,0.789978052,0.450025765,0.424171593,0.521246691,0.549399466,0.559016994,0.382649973,0.387877022,0.434092357
145,0.375805297,0.541940498,0.866219983,0.845864661,0.886824324,0.49120617,0.46354246,0.579524854,0.644528346,0.637377439,0.438209475,0.456927308,0.467046179
146,0.261274159,0.540940644,0.842299131,0.738866396,0.794570438,0.403629879,0.397028909,0.521246691,0.542575937,0.530330086,0.376095212,0.398313125,0.411414127
147,0.561918397,0.497525735,0.746295281,0.847503374,0.798470746,0.539284123,0.533138635,0.798583652,0.781045474,0.75,0.616789824,0.63324566,0.601872213
148,0.495347173,0.720612707,0.955017859,0.616000889,0.582533604,0.690769851,0.697074588,0.614295117,0.614641232,0.637377439,0.453253365,0.456035713,0.66159395
149,0.682176092,0.499487339,0.777985887,0.903067872,0.893108689,0.604420897,0.579764574,0.879536756,0.882173627,0.883883477,0.693755151,0.675911545,0.627037136
150,0.440229062,0.671924987,0.928662897,0.804184374,0.626644288,0.616774832,0.606226607,0.566352114,0.598419217,0.637377439,0.444100833,0.464704264,0.601348158
151,0.68503937,0.558160082,0.862053786,0.815682932,0.735128985,0.670738829,0.698990509,0.85340605,0.818884913,0.790569415,0.641197253,0.630787134,0.692585133
152,0.352899069,0.486732798,0.684142363,0.86491228,0.887107057,0.411733561,0.401717071,0.653004666,0.65070945,0.637377439,0.514590833,0.52322836,0.452516492
153,0.471725125,0.500253942,0.730862275,0.790523316,0.763946781,0.492088366,0.5185572,0.742255613,0.710892991,0.707106781,0.592338532,0.590375394,0.563780596
154,0.707229778,0.65902659,0.902050686,0.5606469,0.499370415,0.759610686,0.702806682,0.742255613,0.703551586,0.707106781,0.614220238,0.634195521,0.853819437
155,0.511095204,0.710897039,0.960892169,0.602870813,0.658639137,0.700078907,0.678012115,0.579524854,0.638454402,0.637377439,0.425151109,0.446053535,0.632010522
156,0.238367931,0.613431074,0.867457508,0.682843473,0.648502219,0.416771488,0.396354645,0.442974508,0.476041985,0.5,0.373588023,0.386408639,0.434976058
157,0.622763064,0.537045634,0.797207107,0.763157895,0.695033525,0.604775922,0.603868886,0.759841096,0.755215253,0.75,0.66137991,0.654206475,0.679134384
158,0.656406586,0.551169643,0.761130451,0.7194508,0.676754826,0.617613826,0.62190747,0.85561409,0.774757568,0.728868987,0.756005749,0.709433714,0.706590764
159,0.631352899,0.657100798,0.869122085,0.54936157,0.5053674,0.701647248,0.741691978,0.719014,0.699428894,0.707106781,0.682195758,0.647619361,0.801917425
160,0.078024338,0.515732606,0.758691013,0.782296651,0.736486486,0.206753862,0.202075536,0.307147558,0.331030392,0.353553391,0.213155307,0.238376113,0.233523089
161,0.380816034,0.500760425,0.785510087,1,0.873979711,0.45428682,0.418244753,0.617358952,0.682459144,0.707106781,0.462503434,0.501634183,0.47359173
162,0.521116679,0.507565872,0.779675852,0.796172248,0.823072507,0.533165039,0.496779931,0.749842751,0.757663868,0.75,0.577847209,0.59455883,0.570881029
163,0.62992126,0.566028951,0.844434897,0.765550239,0.717188759,0.640968288,0.606961516,0.85561409,0.777342917,0.75,0.635702052,0.62941075,0.672393596
164,0.576234789,0.528468879,0.836919861,0.931174088,0.831513264,0.589896025,0.582219914,0.747322264,0.786271352,0.790569415,0.577693831,0.589251517,0.597258472
165,0.761632069,0.469220901,0.574214846,0.96,0.870362266,0.57028368,0.568113729,1,0.959678773,0.951971638,0.786255837,0.802915896,0.67115025
166,0.266284896,0.558625389,0.860523345,0.839097744,0.783294405,0.418565659,0.400828315,0.524853978,0.54239684,0.530330086,0.391239887,0.395189197,0.418319324
167,0.727272727,0.553694787,0.83794751,0.827979626,0.788478321,0.678509882,0.660965878,0.807979077,0.833979181,0.883883477,0.665023277,0.676214475,0.68905033
168,0.509663565,0.523770979,0.770103393,0.803007519,0.676401212,0.53306567,0.531631408,0.68680282,0.703345022,0.707106781,0.623735613,0.603790471,0.622783041
169,0.307802434,0.562571757,0.88232758,0.730050933,0.782890873,0.457665397,0.436601125,0.524853978,0.567330107,0.559016994,0.375896222,0.406912512,0.44986539
170,0.532569792,0.572386067,0.877489834,0.747050455,0.776740884,0.604844438,0.604606662,0.739709275,0.727312121,0.728868987,0.539614869,0.545405799,0.594083314
171,0.619899785,0.668794274,0.931670491,0.649967164,0.599984916,0.731475942,0.765239839,0.73715414,0.714346838,0.707106781,0.541073809,0.543864721,0.729268994
172,0.274874732,0.584104061,0.819222206,0.621862348,0.630322695,0.424504107,0.419309262,0.50656073,0.504428806,0.5,0.434753228,0.440268032,0.473786966
173,0.308518253,0.581394521,0.887636582,0.789016018,0.761165242,0.467368884,0.42752147,0.521246691,0.555638485,0.530330086,0.401324327,0.408928855,0.456770587
174,0.414459556,0.586467736,0.902314231,0.746294307,0.700827824,0.549100279,0.501957651,0.566352114,0.624980647,0.637377439,0.46820511,0.458025887,0.551737602
175,0.523979957,0.532631326,0.853519703,0.957175547,0.824564384,0.570322762,0.548958292,0.719014,0.758370118,0.75,0.508753777,0.548014429,0.57192914
176,0.132426628,0.721879749,0.950025199,0.817077659,0.613736247,0.356893758,0.340449481,0.307147558,0.35715587,0.353553391,0.231251717,0.242346666,0.333268255
177,0.309949893,0.473165035,0.650610239,0.949561403,0.954098781,0.375609265,0.35556509,0.641342931,0.640282491,0.637377439,0.475726994,0.494574799,0.408927434
178,0.353614889,0.515760098,0.685416957,0.860689654,0.643834812,0.424437113,0.44086868,0.605010525,0.593771167,0.559016994,0.554375932,0.538597272,0.531710475
179,0.442376521,0.545152313,0.844293561,0.879089616,0.81848988,0.527380068,0.489730486,0.653004666,0.677501764,0.707106781,0.503409342,0.518040854,0.52745638
180,0.800286328,0.575849244,0.873834314,0.710010319,0.756076939,0.741604574,0.717247274,0.826449556,0.852638392,0.883883477,0.687230466,0.675681096,0.73813683
181,0.464566929,0.564001039,0.874728102,0.669215896,0.68364822,0.55989589,0.544882822,0.632455532,0.666236649,0.637377439,0.488544347,0.508848264,0.591432212
182,0.434502505,0.514309199,0.795155136,0.779204108,0.700572246,0.494103452,0.53480835,0.73715414,0.695341984,0.707106781,0.531878949,0.536466344,0.565023942
183,0.59341446,0.522595727,0.764294425,0.767711066,0.752050988,0.572799968,0.59986922,0.826449556,0.776019866,0.75,0.626917452,0.654754044,0.637312727
184,0.528274875,0.470936619,0.471083392,0.882775119,0.807130262,0.462577386,0.482393285,0.835531691,0.792044794,0.75,0.670430594,0.696716222,0.580437329
185,0.25841088,0.666740585,0.935230383,0.690909091,0.66459113,0.47334325,0.477750315,0.467833223,0.486654992,0.5,0.336030825,0.346275383,0.447378697
186,0.513958482,0.808961445,0.984834848,0.809774436,0.579673269,0.763345697,0.757864143,0.524853978,0.606123522,0.637377439,0.38699878,0.405542218,0.675568754
187,0.231925555,0.546575549,0.763624745,0.742764352,0.689215309,0.366652543,0.377694787,0.479779824,0.484077276,0.5,0.41625309,0.41954737,0.416192277
188,0.440944882,0.651763292,0.932891597,0.686159844,0.617073871,0.609826864,0.592692062,0.60812114,0.611773486,0.637377439,0.458906638,0.450930253,0.606485953
189,0.530422334,0.564007746,0.845474654,0.75,0.614868913,0.587611681,0.644575743,0.739709275,0.704078056,0.707106781,0.5750055,0.575618472,0.6663721
190,0.490336435,0.65851639,0.928359503,0.678637771,0.614896393,0.644190165,0.676168614,0.614295117,0.635824475,0.637377439,0.497271854,0.485999313,0.640683121
191,0.547602004,0.542728436,0.853999643,0.774291497,0.795332463,0.588655767,0.550580034,0.700404196,0.744129684,0.728868987,0.537778341,0.564963345,0.595326661
192,0.484609878,0.589078607,0.903070192,0.925495557,0.69517708,0.595243352,0.581760327,0.641342931,0.68267828,0.707106781,0.462503434,0.495220793,0.599025874
193,0.493199714,0.466454985,0.520690564,0.937840291,0.917414042,0.45065765,0.433321445,0.80094284,0.786977961,0.75,0.63621546,0.658927626,0.526048624
194,0.50035791,0.473122114,0.564925757,0.900966702,0.862057366,0.46307508,0.45421626,0.798583652,0.778231786,0.75,0.624379636,0.656579173,0.546599807
195,0.506800286,0.628091144,0.906346812,0.674446297,0.657179612,0.629858586,0.636082204,0.678511134,0.654999824,0.637377439,0.53125388,0.518025449,0.630047884
196,0.446671439,0.495686183,0.557607047,0.876763656,0.797773144,0.446886476,0.467373454,0.700404196,0.695665597,0.707106781,0.627523404,0.637054666,0.536848271
197,0.549033644,0.571123646,0.865796648,0.752791068,0.701267715,0.608955138,0.636082204,0.742255613,0.728737388,0.728868987,0.589487797,0.56709612,0.634826034
198,0.283464567,0.615690246,0.884443211,0.711537021,0.572653646,0.460084975,0.487358012,0.491436093,0.497502897,0.5,0.400600177,0.406487482,0.50477815
199,0.250536865,0.550043864,0.786857546,0.762250454,0.691143522,0.386680258,0.376038742,0.491436093,0.50970454,0.5,0.422472721,0.425995182,0.43196531
